{"inputUnits":[34],"outputUnits":4,"inputs":{"0":{"dtype":"number","min":312.1636629755269,"max":519.7037175198976},"1":{"dtype":"number","min":119.90258657444289,"max":202.43152254041405},"2":{"dtype":"number","min":318.0738732410453,"max":528.4490627712673},"3":{"dtype":"number","min":112.77491757279483,"max":197.4189718146073},"4":{"dtype":"number","min":304.72438819691916,"max":521.6273266530176},"5":{"dtype":"number","min":112.64962239107425,"max":197.31095103957267},"6":{"dtype":"number","min":326.50574087399485,"max":531.7281313295717},"7":{"dtype":"number","min":116.92702533208833,"max":200.55215311329266},"8":{"dtype":"number","min":292.2808671322947,"max":508.5640361109207},"9":{"dtype":"number","min":116.73042163514253,"max":199.13825695045279},"10":{"dtype":"number","min":343.57514082107394,"max":525.2395683422423},"11":{"dtype":"number","min":142.93715925012182,"max":217.80102809734973},"12":{"dtype":"number","min":273.15138253552175,"max":474.5202434457998},"13":{"dtype":"number","min":143.5547172442282,"max":235.52365992733843},"14":{"dtype":"number","min":338.55304085952724,"max":574.0549818488821},"15":{"dtype":"number","min":99.25044782909964,"max":263.031788727461},"16":{"dtype":"number","min":229.6115826166164,"max":488.7493146929824},"17":{"dtype":"number","min":96.18374532658686,"max":289.2157886646412},"18":{"dtype":"number","min":327.1189062404818,"max":578.2184301900585},"19":{"dtype":"number","min":35.58073434216237,"max":276.919707062184},"20":{"dtype":"number","min":225.73001378228557,"max":496.06037846318},"21":{"dtype":"number","min":41.24806305586013,"max":273.88771815606725},"22":{"dtype":"number","min":339.23589514012923,"max":499.74963465164507},"23":{"dtype":"number","min":205.6445211369624,"max":282.30339868259244},"24":{"dtype":"number","min":300.3934812638727,"max":451.412731267323},"25":{"dtype":"number","min":247.49222604851974,"max":310.07964552494514},"26":{"dtype":"number","min":342.21774006447595,"max":485.46061971266596},"27":{"dtype":"number","min":266.0162127459491,"max":361.0004590129294},"28":{"dtype":"number","min":302.217801337586,"max":440.654699909292},"29":{"dtype":"number","min":339.1626154098362,"max":361.26327113101354},"30":{"dtype":"number","min":345.0135455215186,"max":480.7044721160948},"31":{"dtype":"number","min":342.9433552702965,"max":433.4441496196546},"32":{"dtype":"number","min":309.93484229372257,"max":428.1719369869715},"33":{"dtype":"number","min":409.617360730385,"max":431.07774641546354}},"outputs":{"0":{"dtype":"string","min":0,"max":1,"uniqueValues":["Armsup_up","Armsup_down","Sidebend_left","Sidebend_right"],"legend":{"Armsup_up":[1,0,0,0],"Armsup_down":[0,1,0,0],"Sidebend_left":[0,0,1,0],"Sidebend_right":[0,0,0,1]}}},"isNormalized":true}