{"inputUnits":[34],"outputUnits":4,"inputs":{"0":{"dtype":"number","min":96.86190004701967,"max":584.8764698407803},"1":{"dtype":"number","min":-9.79425500940394,"max":420.16284786469754},"2":{"dtype":"number","min":115.84327861347161,"max":596.9940798277976},"3":{"dtype":"number","min":-28.93852367735746,"max":411.41844751309696},"4":{"dtype":"number","min":91.73687434800651,"max":565.336755823206},"5":{"dtype":"number","min":-38.42415316992568,"max":413.07707371999874},"6":{"dtype":"number","min":136.11031575044925,"max":613.1244616294697},"7":{"dtype":"number","min":-15.041475351790936,"max":421.8933468348334},"8":{"dtype":"number","min":56.36733503137183,"max":529.2288535194323},"9":{"dtype":"number","min":-9.12760654620493,"max":422.0253359551086},"10":{"dtype":"number","min":64.75227935969481,"max":641.524237322296},"11":{"dtype":"number","min":100.64017550522354,"max":464.86052158050836},"12":{"dtype":"number","min":25.4055464895148,"max":555.6354782967074},"13":{"dtype":"number","min":88.5555477030793,"max":464.35388754682924},"14":{"dtype":"number","min":27.732413070708454,"max":666.9470262434514},"15":{"dtype":"number","min":181.61945067883465,"max":537.2610598558571},"16":{"dtype":"number","min":-3.5827089424951266,"max":584.6368610463876},"17":{"dtype":"number","min":249.57943208036363,"max":527.7184118676139},"18":{"dtype":"number","min":42.63493766561586,"max":629.2967738696241},"19":{"dtype":"number","min":169.53823870385597,"max":501.8840663381952},"20":{"dtype":"number","min":18.62983183089288,"max":629.1491401776468},"21":{"dtype":"number","min":168.76564784356725,"max":497.1475961845056},"22":{"dtype":"number","min":27.145120423672026,"max":635.0616627594649},"23":{"dtype":"number","min":201.27024064984238,"max":562.1547057986492},"24":{"dtype":"number","min":12.408327693827667,"max":582.2928558409097},"25":{"dtype":"number","min":394.08519514355277,"max":558.0615860491004},"26":{"dtype":"number","min":40.69675809923436,"max":610.1370631881624},"27":{"dtype":"number","min":235.48729790581598,"max":564.9821379960861},"28":{"dtype":"number","min":43.09716624358476,"max":577.6617613824022},"29":{"dtype":"number","min":414.1355119671738,"max":559.3022849545841},"30":{"dtype":"number","min":57.10935209694429,"max":596.7230113068518},"31":{"dtype":"number","min":289.0923864056027,"max":564.6832638270208},"32":{"dtype":"number","min":35.03135725768686,"max":578.927818711041},"33":{"dtype":"number","min":480.7252899526852,"max":563.1204292044537}},"outputs":{"0":{"dtype":"string","min":0,"max":1,"uniqueValues":["arms_down","arms_up","situp_up","situp_down"],"legend":{"arms_down":[1,0,0,0],"arms_up":[0,1,0,0],"situp_up":[0,0,1,0],"situp_down":[0,0,0,1]}}},"isNormalized":true}