{"inputUnits":[34],"outputUnits":4,"inputs":{"0":{"dtype":"number","min":356.4184153893305,"max":391.473519546479},"1":{"dtype":"number","min":13.008078413400028,"max":50.72829575566519},"2":{"dtype":"number","min":363.11303181490234,"max":400.16488028780986},"3":{"dtype":"number","min":7.140336956894188,"max":43.19167049772325},"4":{"dtype":"number","min":344.56105193199465,"max":390.1970305266203},"5":{"dtype":"number","min":7.68484015213815,"max":43.53479664228115},"6":{"dtype":"number","min":374.604457386753,"max":419.9152401780989},"7":{"dtype":"number","min":14.807333546539951,"max":49.74270469263979},"8":{"dtype":"number","min":332.57119637948495,"max":382.3525507222374},"9":{"dtype":"number","min":14.967857197246587,"max":52.57152475576419},"10":{"dtype":"number","min":403.63888537906996,"max":424.9278071888706},"11":{"dtype":"number","min":62.138026127805944,"max":101.671163696527},"12":{"dtype":"number","min":305.6491499337536,"max":427.7687272040235},"13":{"dtype":"number","min":54.00412992659599,"max":107.79564751519095},"14":{"dtype":"number","min":316.4523702104654,"max":491.28949200665505},"15":{"dtype":"number","min":61.33257711607578,"max":163.89346741793446},"16":{"dtype":"number","min":249.73577785677844,"max":333.6594776056896},"17":{"dtype":"number","min":60.79111526816445,"max":174.07779626679002},"18":{"dtype":"number","min":249.74751730876125,"max":560.6849836977834},"19":{"dtype":"number","min":59.09111573217439,"max":229.17518660339},"20":{"dtype":"number","min":174.30967929535208,"max":309.14424487257094},"21":{"dtype":"number","min":58.71889921192073,"max":227.2077427319383},"22":{"dtype":"number","min":376.3603269937675,"max":407.43077387819045},"23":{"dtype":"number","min":202.66101621512547,"max":235.59544405277245},"24":{"dtype":"number","min":317.72543566965913,"max":400.51423427886664},"25":{"dtype":"number","min":200.5179350557383,"max":235.71255659731736},"26":{"dtype":"number","min":349.7969189024808,"max":407.8014410959582},"27":{"dtype":"number","min":304.0786820499056,"max":334.85358225207113},"28":{"dtype":"number","min":298.96521354511697,"max":394.94008203696086},"29":{"dtype":"number","min":302.20021208824465,"max":335.0718227929307},"30":{"dtype":"number","min":284.53996981793676,"max":436.6895573785198},"31":{"dtype":"number","min":375.91799730445905,"max":433.71497081734276},"32":{"dtype":"number","min":276.1295076188056,"max":406.26525759929336},"33":{"dtype":"number","min":391.1494306002908,"max":429.34847885637487}},"outputs":{"0":{"dtype":"string","min":0,"max":1,"uniqueValues":["Rankos_i_sonus","Idle","Zvaigzde","Sonai"],"legend":{"Rankos_i_sonus":[1,0,0,0],"Idle":[0,1,0,0],"Zvaigzde":[0,0,1,0],"Sonai":[0,0,0,1]}}},"isNormalized":true}