{"inputUnits":[34],"outputUnits":6,"inputs":{"0":{"dtype":"number","min":180.21745053415873,"max":402.1072509646648},"1":{"dtype":"number","min":110.41594626145985,"max":190.49323485376306},"2":{"dtype":"number","min":180.082501156753,"max":418.8972013968008},"3":{"dtype":"number","min":100.21575972350718,"max":196.36418303551034},"4":{"dtype":"number","min":162.77077152482715,"max":401.5170915689152},"5":{"dtype":"number","min":100.5023170307598,"max":186.45746837117747},"6":{"dtype":"number","min":201.33777209425065,"max":424.6732126574302},"7":{"dtype":"number","min":113.49473503365618,"max":217.32864692197205},"8":{"dtype":"number","min":160.32000149435,"max":383.7361159891645},"9":{"dtype":"number","min":110.28581109892787,"max":208.08826766283653},"10":{"dtype":"number","min":277.2715078134518,"max":395.86061771385386},"11":{"dtype":"number","min":171.81009155035483,"max":277.1746159901163},"12":{"dtype":"number","min":182.1708988539192,"max":312.7553244548002},"13":{"dtype":"number","min":177.35414962322392,"max":280.9517736602248},"14":{"dtype":"number","min":351.27753423203734,"max":459.8184788575646},"15":{"dtype":"number","min":142.26424010873538,"max":361.270791066785},"16":{"dtype":"number","min":146.57992833306682,"max":218.4730978923002},"17":{"dtype":"number","min":140.52119502314812,"max":357.230433562578},"18":{"dtype":"number","min":343.13965408890334,"max":535.9932082624231},"19":{"dtype":"number","min":66.64249769660697,"max":405.62998513264495},"20":{"dtype":"number","min":62.223539296646564,"max":231.25492326465033},"21":{"dtype":"number","min":59.403989914565045,"max":412.3336714657194},"22":{"dtype":"number","min":291.1395454034935,"max":365.5633378354197},"23":{"dtype":"number","min":357.4348827458729,"max":398.44046728420443},"24":{"dtype":"number","min":212.4154716625548,"max":272.11478131091616},"25":{"dtype":"number","min":356.43519589310733,"max":415.11480587964866},"26":{"dtype":"number","min":279.94774132444144,"max":364.93555199100723},"27":{"dtype":"number","min":522.262093765229,"max":558.2027828670152},"28":{"dtype":"number","min":199.23297023215488,"max":307.5148221437926},"29":{"dtype":"number","min":466.2467745358948,"max":554.4866538837871},"30":{"dtype":"number","min":275.16521134106966,"max":355.12301707128336},"31":{"dtype":"number","min":554.2508945874071,"max":564.22119140625},"32":{"dtype":"number","min":194.8803776374802,"max":313.99226078977824},"33":{"dtype":"number","min":533.6405977542869,"max":562.5146755047476}},"outputs":{"0":{"dtype":"string","min":0,"max":1,"uniqueValues":["Stovi","Šonai","Stovi2","Bicepsas","Pečiai","Rankos Šonai"],"legend":{"Stovi":[1,0,0,0,0,0],"Šonai":[0,1,0,0,0,0],"Stovi2":[0,0,1,0,0,0],"Bicepsas":[0,0,0,1,0,0],"Pečiai":[0,0,0,0,1,0],"Rankos Šonai":[0,0,0,0,0,1]}}},"isNormalized":true}