{"inputUnits":[34],"outputUnits":8,"inputs":{"0":{"dtype":"number","min":312.1636629755269,"max":519.7037175198976},"1":{"dtype":"number","min":98.38322154262607,"max":301.34862858881957},"2":{"dtype":"number","min":318.0738732410453,"max":528.4490627712673},"3":{"dtype":"number","min":91.63901702702393,"max":293.08558473345363},"4":{"dtype":"number","min":304.72438819691916,"max":521.6273266530176},"5":{"dtype":"number","min":92.64084843864217,"max":293.79176922476546},"6":{"dtype":"number","min":326.50574087399485,"max":531.7281313295717},"7":{"dtype":"number","min":94.73625465675636,"max":292.5167245846278},"8":{"dtype":"number","min":292.2808671322947,"max":508.5640361109207},"9":{"dtype":"number","min":96.89219424599094,"max":294.0338890269021},"10":{"dtype":"number","min":343.57514082107394,"max":541.2957551000643},"11":{"dtype":"number","min":123.18190992924204,"max":311.49437025044165},"12":{"dtype":"number","min":273.15138253552175,"max":474.5202434457998},"13":{"dtype":"number","min":118.87619003682573,"max":317.5068762706734},"14":{"dtype":"number","min":338.55304085952724,"max":574.0549818488821},"15":{"dtype":"number","min":81.91416719968322,"max":334.05025251659964},"16":{"dtype":"number","min":229.6115826166164,"max":488.7493146929824},"17":{"dtype":"number","min":85.05382812975907,"max":338.2252900270458},"18":{"dtype":"number","min":327.1189062404818,"max":604.6320270144219},"19":{"dtype":"number","min":28.498635096856717,"max":348.6741700646473},"20":{"dtype":"number","min":225.73001378228557,"max":496.06037846318},"21":{"dtype":"number","min":36.10085559867278,"max":348.73536702949866},"22":{"dtype":"number","min":339.23589514012923,"max":522.6797553763287},"23":{"dtype":"number","min":205.6445211369624,"max":377.63000666746615},"24":{"dtype":"number","min":300.3934812638727,"max":476.21317843015197},"25":{"dtype":"number","min":234.77219520256534,"max":379.0009777634232},"26":{"dtype":"number","min":342.21774006447595,"max":542.2932315105119},"27":{"dtype":"number","min":266.0162127459491,"max":388.5083876343963},"28":{"dtype":"number","min":302.217801337586,"max":454.4975759643792},"29":{"dtype":"number","min":303.4060457761292,"max":385.7061184591252},"30":{"dtype":"number","min":345.0135455215186,"max":543.1760256285788},"31":{"dtype":"number","min":342.9433552702965,"max":447.09254571568897},"32":{"dtype":"number","min":280.3530330546418,"max":432.6956135115893},"33":{"dtype":"number","min":362.2499509815119,"max":444.2031979328475}},"outputs":{"0":{"dtype":"string","min":0,"max":1,"uniqueValues":["Armsup_up","Armsup_down","Sidebend_left","Sidebend_right","Squat_up","Squat_down","Jumping jacks_up","Jumping jacks_down"],"legend":{"Armsup_up":[1,0,0,0,0,0,0,0],"Armsup_down":[0,1,0,0,0,0,0,0],"Sidebend_left":[0,0,1,0,0,0,0,0],"Sidebend_right":[0,0,0,1,0,0,0,0],"Squat_up":[0,0,0,0,1,0,0,0],"Squat_down":[0,0,0,0,0,1,0,0],"Jumping jacks_up":[0,0,0,0,0,0,1,0],"Jumping jacks_down":[0,0,0,0,0,0,0,1]}}},"isNormalized":true}