{"inputUnits":[34],"outputUnits":3,"inputs":{"0":{"dtype":"number","min":249.9730273389909,"max":359.18342760431835},"1":{"dtype":"number","min":178.17859389396205,"max":204.60383781447973},"2":{"dtype":"number","min":261.4310241163823,"max":369.63782178495825},"3":{"dtype":"number","min":167.94636984782375,"max":196.05811165554945},"4":{"dtype":"number","min":239.25981095892178,"max":350.1609924197429},"5":{"dtype":"number","min":166.50732088739642,"max":195.49382022017392},"6":{"dtype":"number","min":273.7693444562469,"max":381.6723800867389},"7":{"dtype":"number","min":176.22556392677114,"max":202.41881431891903},"8":{"dtype":"number","min":224.19176841572246,"max":334.85674049422056},"9":{"dtype":"number","min":173.3457069322612,"max":201.38353284571832},"10":{"dtype":"number","min":308.0390522679855,"max":405.05897447612085},"11":{"dtype":"number","min":234.85358968812818,"max":271.30275079381397},"12":{"dtype":"number","min":194.42011247601425,"max":294.7947017677114},"13":{"dtype":"number","min":247.01354445072639,"max":268.4985411050956},"14":{"dtype":"number","min":325.422600640191,"max":426.87506008334094},"15":{"dtype":"number","min":167.360737523605,"max":359.1916254807634},"16":{"dtype":"number","min":167.19650655229654,"max":267.0571328324881},"17":{"dtype":"number","min":326.34864732768335,"max":355.85788808603263},"18":{"dtype":"number","min":327.0896938390899,"max":442.8271047134845},"19":{"dtype":"number","min":72.4610540973745,"max":447.65341299551505},"20":{"dtype":"number","min":151.99344627573709,"max":248.36268731725144},"21":{"dtype":"number","min":318.55239838419834,"max":457.3616814566867},"22":{"dtype":"number","min":261.21419107240075,"max":374.11527220965826},"23":{"dtype":"number","min":405.0943891439754,"max":438.7260134921901},"24":{"dtype":"number","min":198.88057455914293,"max":350.2884999771564},"25":{"dtype":"number","min":401.8785978618421,"max":435.487729494567},"26":{"dtype":"number","min":238.26900653207045,"max":359.69359886808934},"27":{"dtype":"number","min":539.8658251251161,"max":563.6646147313405},"28":{"dtype":"number","min":180.48017029641431,"max":339.3433099880553},"29":{"dtype":"number","min":522.537965235422,"max":565.080725835313},"30":{"dtype":"number","min":235.7425310458356,"max":355.9254669724849},"31":{"dtype":"number","min":553.424021700437,"max":559.6964008115652},"32":{"dtype":"number","min":179.3733200459917,"max":338.24694419697244},"33":{"dtype":"number","min":554.0130609285529,"max":561.6812315228854}},"outputs":{"0":{"dtype":"string","min":0,"max":1,"uniqueValues":["Idle","Up","Down"],"legend":{"Idle":[1,0,0],"Up":[0,1,0],"Down":[0,0,1]}}},"isNormalized":true}